tarih;usd;index
1.01.2018;3.76;1
2.01.2018;3.77;2
3.01.2018;3.77;3
4.01.2018;3.76;4
5.01.2018;3.76;5
6.01.2018;3.76;6
7.01.2018;3.76;7
8.01.2018;3.75;8
9.01.2018;3.75;9
10.01.2018;3.76;10
11.01.2018;3.78;11
12.01.2018;3.79;12
13.01.2018;3.79;13
14.01.2018;3.79;14
15.01.2018;3.76;15
16.01.2018;3.76;16
17.01.2018;3.82;17
18.01.2018;3.81;18
19.01.2018;3.8;19
20.01.2018;3.8;20
21.01.2018;3.8;21
22.01.2018;3.78;22
23.01.2018;3.81;23
24.01.2018;3.79;24
25.01.2018;3.76;25
26.01.2018;3.74;26
27.01.2018;3.74;27
28.01.2018;3.74;28
29.01.2018;3.74;29
30.01.2018;3.77;30
31.01.2018;3.78;31
1.02.2018;3.75;32
2.02.2018;3.76;33
3.02.2018;3.76;34
4.02.2018;3.76;35
5.02.2018;3.75;36
6.02.2018;3.76;37
7.02.2018;3.78;38
8.02.2018;3.77;39
9.02.2018;3.81;40
10.02.2018;3.81;41
11.02.2018;3.81;42
12.02.2018;3.81;43
13.02.2018;3.81;44
14.02.2018;3.8;45
15.02.2018;3.8;46
16.02.2018;3.77;47
17.02.2018;3.77;48
18.02.2018;3.77;49
19.02.2018;3.75;50
20.02.2018;3.75;51
21.02.2018;3.77;52
22.02.2018;3.78;53
23.02.2018;3.8;54
24.02.2018;3.8;55
25.02.2018;3.8;56
26.02.2018;3.78;57
27.02.2018;3.78;58
28.02.2018;3.78;59
1.03.2018;3.8;60
2.03.2018;3.81;61
3.03.2018;3.81;62
4.03.2018;3.81;63
5.03.2018;3.8;64
6.03.2018;3.82;65
7.03.2018;3.8;66
8.03.2018;3.8;67
9.03.2018;3.81;68
10.03.2018;3.81;69
11.03.2018;3.81;70
12.03.2018;3.82;71
13.03.2018;3.82;72
14.03.2018;3.86;73
15.03.2018;3.86;74
16.03.2018;3.89;75
17.03.2018;3.89;76
18.03.2018;3.89;77
19.03.2018;3.9;78
20.03.2018;3.94;79
21.03.2018;3.94;80
22.03.2018;3.93;81
23.03.2018;3.91;82
24.03.2018;3.91;83
25.03.2018;3.91;84
26.03.2018;3.96;85
27.03.2018;3.97;86
28.03.2018;3.98;87
29.03.2018;3.99;88
30.03.2018;3.99;89
31.03.2018;3.99;90
1.04.2018;3.99;91
2.04.2018;3.95;92
3.04.2018;3.96;93
4.04.2018;3.98;94
5.04.2018;4.01;95
6.04.2018;4.03;96
7.04.2018;4.03;97
8.04.2018;4.03;98
9.04.2018;4.05;99
10.04.2018;4.06;100
11.04.2018;4.07;101
12.04.2018;4.15;102
13.04.2018;4.13;103
14.04.2018;4.13;104
15.04.2018;4.13;105
16.04.2018;4.08;106
17.04.2018;4.1;107
18.04.2018;4.1;108
19.04.2018;4.1;109
20.04.2018;4.03;110
21.04.2018;4.03;111
22.04.2018;4.03;112
23.04.2018;4.03;113
24.04.2018;4.03;114
25.04.2018;4.08;115
26.04.2018;4.08;116
27.04.2018;4.07;117
28.04.2018;4.07;118
29.04.2018;4.07;119
30.04.2018;4.05;120
1.05.2018;4.05;121
2.05.2018;4.04;122
3.05.2018;4.12;123
4.05.2018;4.19;124
5.05.2018;4.19;125
6.05.2018;4.19;126
7.05.2018;4.26;127
8.05.2018;4.26;128
9.05.2018;4.28;129
10.05.2018;4.29;130
11.05.2018;4.27;131
12.05.2018;4.27;132
13.05.2018;4.27;133
14.05.2018;4.26;134
15.05.2018;4.32;135
16.05.2018;4.39;136
17.05.2018;4.46;137
18.05.2018;4.44;138
19.05.2018;4.44;139
20.05.2018;4.44;140
21.05.2018;4.47;141
22.05.2018;4.55;142
23.05.2018;4.58;143
24.05.2018;4.85;144
25.05.2018;4.7;145
26.05.2018;4.7;146
27.05.2018;4.7;147
28.05.2018;4.72;148
29.05.2018;4.6;149
30.05.2018;4.6;150
31.05.2018;4.48;151
1.06.2018;4.48;152
2.06.2018;4.48;153
3.06.2018;4.48;154
4.06.2018;4.59;155
5.06.2018;4.63;156
6.06.2018;4.61;157
7.06.2018;4.61;158
8.06.2018;4.55;159
9.06.2018;4.55;160
10.06.2018;4.55;161
11.06.2018;4.5;162
12.06.2018;4.51;163
13.06.2018;4.55;164
14.06.2018;4.65;165
15.06.2018;4.65;166
16.06.2018;4.65;167
17.06.2018;4.65;168
18.06.2018;4.65;169
19.06.2018;4.72;170
20.06.2018;4.75;171
21.06.2018;4.75;172
22.06.2018;4.75;173
23.06.2018;4.75;174
24.06.2018;4.75;175
25.06.2018;4.71;176
26.06.2018;4.64;177
27.06.2018;4.67;178
28.06.2018;4.63;179
29.06.2018;4.61;180
30.06.2018;4.61;181
1.07.2018;4.61;182
2.07.2018;4.56;183
3.07.2018;4.62;184
4.07.2018;4.66;185
5.07.2018;4.7;186
6.07.2018;4.64;187
7.07.2018;4.64;188
8.07.2018;4.64;189
9.07.2018;4.6;190
10.07.2018;4.53;191
11.07.2018;4.71;192
12.07.2018;4.75;193
13.07.2018;4.82;194
14.07.2018;4.82;195
15.07.2018;4.82;196
16.07.2018;4.84;197
17.07.2018;4.84;198
18.07.2018;4.84;199
19.07.2018;4.79;200
20.07.2018;4.82;201
21.07.2018;4.82;202
22.07.2018;4.82;203
23.07.2018;4.8;204
24.07.2018;4.75;205
25.07.2018;4.78;206
26.07.2018;4.85;207
27.07.2018;4.82;208
28.07.2018;4.82;209
29.07.2018;4.82;210
30.07.2018;4.86;211
31.07.2018;4.89;212
1.08.2018;4.9;213
2.08.2018;4.92;214
3.08.2018;5.05;215
4.08.2018;5.05;216
5.08.2018;5.05;217
6.08.2018;5.08;218
7.08.2018;5.15;219
8.08.2018;5.26;220
9.08.2018;5.28;221
10.08.2018;5.4;222
11.08.2018;5.4;223
12.08.2018;5.4;224
13.08.2018;5.94;225
14.08.2018;6.88;226
15.08.2018;6.55;227
16.08.2018;6.14;228
17.08.2018;5.8;229
18.08.2018;5.8;230
19.08.2018;5.8;231
20.08.2018;5.99;232
21.08.2018;5.99;233
22.08.2018;5.99;234
23.08.2018;5.99;235
24.08.2018;5.99;236
25.08.2018;5.99;237
26.08.2018;5.99;238
27.08.2018;5.99;239
28.08.2018;6.19;240
29.08.2018;6.22;241
30.08.2018;6.22;242
31.08.2018;6.41;243
1.09.2018;6.41;244
2.09.2018;6.41;245
3.09.2018;6.55;246
4.09.2018;6.62;247
5.09.2018;6.68;248
6.09.2018;6.68;249
7.09.2018;6.59;250
8.09.2018;6.59;251
9.09.2018;6.59;252
10.09.2018;6.47;253
11.09.2018;6.45;254
12.09.2018;6.45;255
13.09.2018;6.39;256
14.09.2018;6.36;257
15.09.2018;6.36;258
16.09.2018;6.36;259
17.09.2018;6.07;260
18.09.2018;6.26;261
19.09.2018;6.36;262
20.09.2018;6.31;263
21.09.2018;6.27;264
22.09.2018;6.27;265
23.09.2018;6.27;266
24.09.2018;6.27;267
25.09.2018;6.23;268
26.09.2018;6.12;269
27.09.2018;6.12;270
28.09.2018;6.08;271
29.09.2018;6.08;272
30.09.2018;6.08;273
1.10.2018;5.99;274
2.10.2018;5.97;275
3.10.2018;6.01;276
4.10.2018;6.03;277
5.10.2018;6.12;278
6.10.2018;6.12;279
7.10.2018;6.12;280
8.10.2018;6.15;281
9.10.2018;6.15;282
10.10.2018;6.12;283
11.10.2018;6.09;284
12.10.2018;5.98;285
13.10.2018;5.98;286
14.10.2018;5.98;287
15.10.2018;5.9;288
16.10.2018;5.81;289
17.10.2018;5.78;290
18.10.2018;5.68;291
19.10.2018;5.55;292
20.10.2018;5.55;293
21.10.2018;5.55;294
22.10.2018;5.61;295
23.10.2018;5.65;296
24.10.2018;5.77;297
25.10.2018;5.72;298
26.10.2018;5.68;299
27.10.2018;5.68;300
28.10.2018;5.68;301
29.10.2018;5.68;302
30.10.2018;5.62;303
31.10.2018;5.52;304
1.11.2018;5.5;305
2.11.2018;5.57;306
3.11.2018;5.57;307
4.11.2018;5.57;308
5.11.2018;5.46;309
6.11.2018;5.45;310
7.11.2018;5.34;311
8.11.2018;5.36;312
9.11.2018;5.41;313
10.11.2018;5.41;314
11.11.2018;5.41;315
12.11.2018;5.48;316
13.11.2018;5.48;317
14.11.2018;5.48;318
15.11.2018;5.46;319
16.11.2018;5.42;320
17.11.2018;5.42;321
18.11.2018;5.42;322
19.11.2018;5.34;323
20.11.2018;5.32;324
21.11.2018;5.33;325
22.11.2018;5.35;326
23.11.2018;5.3;327
24.11.2018;5.3;328
25.11.2018;5.3;329
26.11.2018;5.28;330
27.11.2018;5.24;331
28.11.2018;5.24;332
29.11.2018;5.25;333
30.11.2018;5.16;334
1.12.2018;5.16;335
2.12.2018;5.16;336
3.12.2018;5.16;337
4.12.2018;5.19;338
5.12.2018;5.27;339
6.12.2018;5.37;340
7.12.2018;5.36;341
8.12.2018;5.36;342
9.12.2018;5.36;343
10.12.2018;5.33;344
11.12.2018;5.28;345
12.12.2018;5.35;346
13.12.2018;5.36;347
14.12.2018;5.36;348
15.12.2018;5.36;349
16.12.2018;5.36;350
17.12.2018;5.37;351
18.12.2018;5.38;352
19.12.2018;5.35;353
20.12.2018;5.33;354
21.12.2018;5.26;355
22.12.2018;5.26;356
23.12.2018;5.26;357
24.12.2018;5.27;358
25.12.2018;5.29;359
26.12.2018;5.3;360
27.12.2018;5.28;361
28.12.2018;5.29;362
29.12.2018;5.29;363
30.12.2018;5.29;364
31.12.2018;5.26;365
1.01.2019;5.26;366
2.01.2019;5.28;367
3.01.2019;5.33;368
4.01.2019;5.46;369
5.01.2019;5.46;370
6.01.2019;5.46;371
7.01.2019;5.41;372
8.01.2019;5.36;373
9.01.2019;5.43;374
10.01.2019;5.5;375
11.01.2019;5.46;376
12.01.2019;5.46;377
13.01.2019;5.46;378
14.01.2019;5.42;379
15.01.2019;5.51;380
16.01.2019;5.44;381
17.01.2019;5.4;382
18.01.2019;5.36;383
19.01.2019;5.36;384
20.01.2019;5.36;385
21.01.2019;5.34;386
22.01.2019;5.34;387
23.01.2019;5.35;388
24.01.2019;5.31;389
25.01.2019;5.27;390
26.01.2019;5.27;391
27.01.2019;5.27;392
28.01.2019;5.26;393
29.01.2019;5.28;394
30.01.2019;5.33;395
31.01.2019;5.28;396
1.02.2019;5.21;397
2.02.2019;5.21;398
3.02.2019;5.21;399
4.02.2019;5.19;400
5.02.2019;5.22;401
6.02.2019;5.2;402
7.02.2019;5.21;403
8.02.2019;5.24;404
9.02.2019;5.24;405
10.02.2019;5.24;406
11.02.2019;5.24;407
12.02.2019;5.26;408
13.02.2019;5.26;409
14.02.2019;5.24;410
15.02.2019;5.29;411
16.02.2019;5.29;412
17.02.2019;5.29;413
18.02.2019;5.26;414
19.02.2019;5.29;415
20.02.2019;5.31;416
21.02.2019;5.3;417
22.02.2019;5.31;418
23.02.2019;5.31;419
24.02.2019;5.31;420
25.02.2019;5.32;421
26.02.2019;5.31;422
27.02.2019;5.29;423
28.02.2019;5.29;424
1.03.2019;5.32;425
2.03.2019;5.32;426
3.03.2019;5.32;427
4.03.2019;5.34;428
5.03.2019;5.38;429
6.03.2019;5.37;430
7.03.2019;5.38;431
8.03.2019;5.43;432
9.03.2019;5.43;433
10.03.2019;5.43;434
11.03.2019;5.45;435
12.03.2019;5.43;436
13.03.2019;5.44;437
14.03.2019;5.45;438
15.03.2019;5.46;439
16.03.2019;5.46;440
17.03.2019;5.46;441
18.03.2019;5.46;442
19.03.2019;5.45;443
20.03.2019;5.46;444
21.03.2019;5.47;445
22.03.2019;5.44;446
23.03.2019;5.44;447
24.03.2019;5.44;448
25.03.2019;5.53;449
26.03.2019;5.65;450
27.03.2019;5.49;451
28.03.2019;5.33;452
29.03.2019;5.54;453
30.03.2019;5.54;454
31.03.2019;5.54;455
1.04.2019;5.63;456
2.04.2019;5.6;457
3.04.2019;5.56;458
4.04.2019;5.61;459
5.04.2019;5.63;460
6.04.2019;5.63;461
7.04.2019;5.63;462
8.04.2019;5.59;463
9.04.2019;5.67;464
10.04.2019;5.66;465
11.04.2019;5.67;466
12.04.2019;5.71;467
13.04.2019;5.71;468
14.04.2019;5.71;469
15.04.2019;5.78;470
16.04.2019;5.79;471
17.04.2019;5.79;472
18.04.2019;5.74;473
19.04.2019;5.81;474
20.04.2019;5.81;475
21.04.2019;5.81;476
22.04.2019;5.79;477
23.04.2019;5.79;478
24.04.2019;5.83;479
25.04.2019;5.86;480
26.04.2019;5.89;481
27.04.2019;5.89;482
28.04.2019;5.89;483
29.04.2019;5.92;484
30.04.2019;5.93;485
1.05.2019;5.93;486
2.05.2019;5.96;487
3.05.2019;5.96;488
4.05.2019;5.96;489
5.05.2019;5.96;490
6.05.2019;5.96;491
7.05.2019;5.99;492
8.05.2019;6.15;493
9.05.2019;6.16;494
10.05.2019;6.2;495
11.05.2019;6.2;496
12.05.2019;6.2;497
13.05.2019;6.11;498
14.05.2019;6.08;499
15.05.2019;6.04;500
16.05.2019;6.05;501
17.05.2019;6;502
18.05.2019;6;503
19.05.2019;6;504
20.05.2019;6.05;505
21.05.2019;6.04;506
22.05.2019;6.04;507
23.05.2019;6.08;508
24.05.2019;6.13;509
25.05.2019;6.13;510
26.05.2019;6.13;511
27.05.2019;6.07;512
28.05.2019;6.05;513
29.05.2019;6.04;514
30.05.2019;6.02;515
31.05.2019;5.92;516
1.06.2019;5.92;517
2.06.2019;5.92;518
3.06.2019;5.86;519
4.06.2019;5.86;520
5.06.2019;5.86;521
6.06.2019;5.86;522
7.06.2019;5.86;523
8.06.2019;5.86;524
9.06.2019;5.86;525
10.06.2019;5.84;526
11.06.2019;5.81;527
12.06.2019;5.78;528
13.06.2019;5.8;529
14.06.2019;5.83;530
15.06.2019;5.83;531
16.06.2019;5.83;532
17.06.2019;5.88;533
18.06.2019;5.87;534
19.06.2019;5.84;535
20.06.2019;5.85;536
21.06.2019;5.73;537
22.06.2019;5.73;538
23.06.2019;5.73;539
24.06.2019;5.79;540
25.06.2019;5.74;541
26.06.2019;5.79;542
27.06.2019;5.76;543
28.06.2019;5.77;544
29.06.2019;5.77;545
30.06.2019;5.77;546
1.07.2019;5.76;547
2.07.2019;5.68;548
3.07.2019;5.67;549
4.07.2019;5.63;550
5.07.2019;5.59;551
6.07.2019;5.59;552
7.07.2019;5.59;553
8.07.2019;5.6;554
9.07.2019;5.72;555
10.07.2019;5.71;556
11.07.2019;5.74;557
12.07.2019;5.67;558
13.07.2019;5.67;559
14.07.2019;5.67;560
15.07.2019;5.67;561
16.07.2019;5.69;562
17.07.2019;5.7;563
18.07.2019;5.69;564
19.07.2019;5.69;565
20.07.2019;5.69;566
21.07.2019;5.69;567
22.07.2019;5.63;568
23.07.2019;5.67;569
24.07.2019;5.68;570
25.07.2019;5.71;571
26.07.2019;5.7;572
27.07.2019;5.7;573
28.07.2019;5.7;574
29.07.2019;5.66;575
30.07.2019;5.63;576
31.07.2019;5.57;577
1.08.2019;5.52;578
2.08.2019;5.58;579
3.08.2019;5.58;580
4.08.2019;5.58;581
5.08.2019;5.58;582
6.08.2019;5.56;583
7.08.2019;5.53;584
8.08.2019;5.49;585
9.08.2019;5.47;586
10.08.2019;5.47;587
11.08.2019;5.47;588
12.08.2019;5.47;589
13.08.2019;5.47;590
14.08.2019;5.47;591
15.08.2019;5.48;592
16.08.2019;5.57;593
17.08.2019;5.57;594
18.08.2019;5.57;595
19.08.2019;5.54;596
20.08.2019;5.58;597
21.08.2019;5.7;598
22.08.2019;5.71;599
23.08.2019;5.75;600
24.08.2019;5.75;601
25.08.2019;5.75;602
26.08.2019;5.75;603
27.08.2019;5.8;604
28.08.2019;5.83;605
29.08.2019;5.8;606
30.08.2019;5.8;607
31.08.2019;5.8;608
1.09.2019;5.8;609
2.09.2019;5.81;610
3.09.2019;5.8;611
4.09.2019;5.77;612
5.09.2019;5.67;613
6.09.2019;5.67;614
7.09.2019;5.67;615
8.09.2019;5.67;616
9.09.2019;5.69;617
10.09.2019;5.72;618
11.09.2019;5.76;619
12.09.2019;5.77;620
13.09.2019;5.73;621
14.09.2019;5.73;622
15.09.2019;5.73;623
16.09.2019;5.67;624
17.09.2019;5.71;625
18.09.2019;5.72;626
19.09.2019;5.68;627
20.09.2019;5.69;628
21.09.2019;5.69;629
22.09.2019;5.69;630
23.09.2019;5.69;631
24.09.2019;5.72;632
25.09.2019;5.67;633
26.09.2019;5.69;634
27.09.2019;5.67;635
28.09.2019;5.67;636
29.09.2019;5.67;637
30.09.2019;5.66;638
1.10.2019;5.64;639
2.10.2019;5.68;640
3.10.2019;5.73;641
4.10.2019;5.69;642
5.10.2019;5.69;643
6.10.2019;5.69;644
7.10.2019;5.69;645
8.10.2019;5.73;646
9.10.2019;5.82;647
10.10.2019;5.83;648
11.10.2019;5.87;649
12.10.2019;5.87;650
13.10.2019;5.87;651
14.10.2019;5.84;652
15.10.2019;5.91;653
16.10.2019;5.89;654
17.10.2019;5.89;655
18.10.2019;5.88;656
19.10.2019;5.88;657
20.10.2019;5.88;658
21.10.2019;5.77;659
22.10.2019;5.81;660
23.10.2019;5.83;661
24.10.2019;5.77;662
25.10.2019;5.74;663
26.10.2019;5.74;664
27.10.2019;5.74;665
28.10.2019;5.76;666
29.10.2019;5.76;667
30.10.2019;5.76;668
31.10.2019;5.74;669
1.11.2019;5.71;670
2.11.2019;5.71;671
3.11.2019;5.71;672
4.11.2019;5.72;673
5.11.2019;5.68;674
6.11.2019;5.73;675
7.11.2019;5.75;676
8.11.2019;5.74;677
9.11.2019;5.74;678
10.11.2019;5.74;679
11.11.2019;5.74;680
12.11.2019;5.77;681
13.11.2019;5.77;682
14.11.2019;5.76;683
15.11.2019;5.76;684
16.11.2019;5.76;685
17.11.2019;5.76;686
18.11.2019;5.75;687
19.11.2019;5.73;688
20.11.2019;5.72;689
21.11.2019;5.7;690
22.11.2019;5.69;691
23.11.2019;5.69;692
24.11.2019;5.69;693
25.11.2019;5.69;694
26.11.2019;5.72;695
27.11.2019;5.74;696
28.11.2019;5.75;697
29.11.2019;5.76;698
30.11.2019;5.76;699
1.12.2019;5.76;700
2.12.2019;5.74;701
3.12.2019;5.74;702
4.12.2019;5.74;703
5.12.2019;5.74;704
6.12.2019;5.75;705
7.12.2019;5.75;706
8.12.2019;5.75;707
9.12.2019;5.75;708
10.12.2019;5.79;709
11.12.2019;5.8;710
12.12.2019;5.8;711
13.12.2019;5.79;712
14.12.2019;5.79;713
15.12.2019;5.79;714
16.12.2019;5.77;715
17.12.2019;5.83;716
18.12.2019;5.86;717
19.12.2019;5.9;718
20.12.2019;5.93;719
21.12.2019;5.93;720
22.12.2019;5.93;721
23.12.2019;5.91;722
24.12.2019;5.93;723
25.12.2019;5.94;724
26.12.2019;5.93;725
27.12.2019;5.93;726
28.12.2019;5.93;727
29.12.2019;5.93;728
30.12.2019;5.94;729
31.12.2019;5.94;730
1.01.2020;5.94;731
2.01.2020;5.94;732
3.01.2020;5.94;733
4.01.2020;5.94;734
5.01.2020;5.94;735
6.01.2020;5.96;736
7.01.2020;5.97;737
8.01.2020;5.96;738
9.01.2020;5.96;739
10.01.2020;5.88;740
11.01.2020;5.88;741
12.01.2020;5.88;742
13.01.2020;5.87;743
14.01.2020;5.85;744
15.01.2020;5.88;745
16.01.2020;5.88;746
17.01.2020;5.87;747
18.01.2020;5.87;748
19.01.2020;5.87;749
20.01.2020;5.86;750
21.01.2020;5.9;751
22.01.2020;5.92;752
23.01.2020;5.93;753
24.01.2020;5.92;754
25.01.2020;5.92;755
26.01.2020;5.92;756
27.01.2020;5.93;757
28.01.2020;5.94;758
29.01.2020;5.93;759
30.01.2020;5.94;760
31.01.2020;5.97;761
1.02.2020;5.97;762
2.02.2020;5.97;763
3.02.2020;5.97;764
4.02.2020;5.98;765
5.02.2020;5.97;766
6.02.2020;5.98;767
7.02.2020;5.98;768
8.02.2020;5.98;769
9.02.2020;5.98;770
10.02.2020;5.98;771
11.02.2020;6;772
12.02.2020;6.03;773
13.02.2020;6.02;774
14.02.2020;6.05;775
15.02.2020;6.05;776
16.02.2020;6.05;777
17.02.2020;6.05;778
18.02.2020;6.04;779
19.02.2020;6.06;780
20.02.2020;6.06;781
21.02.2020;6.08;782
22.02.2020;6.08;783
23.02.2020;6.08;784
24.02.2020;6.1;785
25.02.2020;6.14;786
26.02.2020;6.12;787
27.02.2020;6.15;788
28.02.2020;6.16;789
29.02.2020;6.16;790
1.03.2020;6.16;791
2.03.2020;6.23;792
3.03.2020;6.22;793
4.03.2020;6.19;794
5.03.2020;6.09;795
6.03.2020;6.08;796
7.03.2020;6.08;797
8.03.2020;6.08;798
9.03.2020;6.08;799
10.03.2020;6.11;800
11.03.2020;6.12;801
12.03.2020;6.15;802
13.03.2020;6.23;803
14.03.2020;6.23;804
15.03.2020;6.23;805
16.03.2020;6.27;806
17.03.2020;6.36;807
18.03.2020;6.45;808
19.03.2020;6.45;809
20.03.2020;6.52;810
21.03.2020;6.52;811
22.03.2020;6.52;812
23.03.2020;6.48;813
24.03.2020;6.59;814
25.03.2020;6.49;815
26.03.2020;6.4;816
27.03.2020;6.46;817
28.03.2020;6.46;818
29.03.2020;6.46;819
30.03.2020;6.43;820
31.03.2020;6.52;821
1.04.2020;6.57;822
2.04.2020;6.64;823
3.04.2020;6.67;824
4.04.2020;6.67;825
5.04.2020;6.67;826
6.04.2020;6.69;827
7.04.2020;6.75;828
8.04.2020;6.74;829
9.04.2020;6.77;830
10.04.2020;6.74;831
11.04.2020;6.74;832
12.04.2020;6.74;833
13.04.2020;6.69;834
14.04.2020;6.76;835
15.04.2020;6.78;836
16.04.2020;6.85;837
17.04.2020;6.91;838
18.04.2020;6.91;839
19.04.2020;6.91;840
20.04.2020;6.91;841
21.04.2020;6.91;842
22.04.2020;6.96;843
23.04.2020;6.96;844
24.04.2020;6.97;845
25.04.2020;6.97;846
26.04.2020;6.97;847
27.04.2020;6.96;848
28.04.2020;6.97;849
29.04.2020;6.99;850
30.04.2020;6.98;851
1.05.2020;6.98;852
2.05.2020;6.98;853
3.05.2020;6.98;854
4.05.2020;6.97;855
5.05.2020;7.02;856
6.05.2020;7.06;857
7.05.2020;7.13;858
8.05.2020;7.22;859
9.05.2020;7.22;860
10.05.2020;7.22;861
11.05.2020;7.1;862
12.05.2020;7.07;863
13.05.2020;7.01;864
14.05.2020;6.98;865
15.05.2020;6.95;866
16.05.2020;6.95;867
17.05.2020;6.95;868
18.05.2020;6.9;869
19.05.2020;6.9;870
20.05.2020;6.86;871
21.05.2020;6.78;872
22.05.2020;6.79;873
23.05.2020;6.79;874
24.05.2020;6.79;875
25.05.2020;6.79;876
26.05.2020;6.79;877
27.05.2020;6.79;878
28.05.2020;6.76;879
29.05.2020;6.79;880
30.05.2020;6.79;881
31.05.2020;6.79;882
1.06.2020;6.81;883
2.06.2020;6.81;884
3.06.2020;6.78;885
4.06.2020;6.73;886
5.06.2020;6.75;887
6.06.2020;6.75;888
7.06.2020;6.75;889
8.06.2020;6.76;890
9.06.2020;6.77;891
10.06.2020;6.78;892
11.06.2020;6.78;893
12.06.2020;6.78;894
13.06.2020;6.78;895
14.06.2020;6.78;896
15.06.2020;6.81;897
16.06.2020;6.82;898
17.06.2020;6.83;899
18.06.2020;6.83;900
19.06.2020;6.85;901
20.06.2020;6.85;902
21.06.2020;6.85;903
22.06.2020;6.84;904
23.06.2020;6.84;905
24.06.2020;6.84;906
25.06.2020;6.85;907
26.06.2020;6.84;908
27.06.2020;6.84;909
28.06.2020;6.84;910
29.06.2020;6.84;911
30.06.2020;6.84;912
1.07.2020;6.84;913
2.07.2020;6.84;914
3.07.2020;6.84;915
4.07.2020;6.84;916
5.07.2020;6.84;917
6.07.2020;6.84;918
7.07.2020;6.85;919
8.07.2020;6.85;920
9.07.2020;6.85;921
10.07.2020;6.85;922
11.07.2020;6.85;923
12.07.2020;6.85;924
13.07.2020;6.85;925
14.07.2020;6.85;926
15.07.2020;6.85;927
16.07.2020;6.85;928
17.07.2020;6.85;929
18.07.2020;6.85;930
19.07.2020;6.85;931
20.07.2020;6.84;932
21.07.2020;6.84;933
22.07.2020;6.84;934
23.07.2020;6.84;935
24.07.2020;6.83;936
25.07.2020;6.83;937
26.07.2020;6.83;938
27.07.2020;6.84;939
28.07.2020;6.84;940
29.07.2020;6.88;941
30.07.2020;6.94;942
31.07.2020;6.94;943
1.08.2020;6.94;944
2.08.2020;6.94;945
3.08.2020;6.94;946
4.08.2020;6.94;947
5.08.2020;6.93;948
6.08.2020;6.99;949
7.08.2020;7.16;950
8.08.2020;7.16;951
9.08.2020;7.16;952
10.08.2020;7.27;953
11.08.2020;7.3;954
12.08.2020;7.25;955
13.08.2020;7.29;956
14.08.2020;7.31;957
15.08.2020;7.31;958
16.08.2020;7.31;959
17.08.2020;7.34;960
18.08.2020;7.37;961
19.08.2020;7.37;962
20.08.2020;7.35;963
21.08.2020;7.3;964
22.08.2020;7.3;965
23.08.2020;7.3;966
24.08.2020;7.22;967
25.08.2020;7.34;968
26.08.2020;7.37;969
27.08.2020;7.35;970
28.08.2020;7.32;971
29.08.2020;7.32;972
30.08.2020;7.32;973
31.08.2020;7.31;974
1.09.2020;7.33;975
2.09.2020;7.34;976
3.09.2020;7.36;977
4.09.2020;7.4;978
5.09.2020;7.4;979
6.09.2020;7.4;980
7.09.2020;7.41;981
8.09.2020;7.43;982
9.09.2020;7.45;983
10.09.2020;7.47;984
11.09.2020;7.46;985
12.09.2020;7.46;986
13.09.2020;7.46;987
14.09.2020;7.44;988
15.09.2020;7.47;989
16.09.2020;7.47;990
17.09.2020;7.47;991
18.09.2020;7.52;992
19.09.2020;7.52;993
20.09.2020;7.52;994
21.09.2020;7.53;995
22.09.2020;7.57;996
23.09.2020;7.63;997
24.09.2020;7.66;998
25.09.2020;7.66;999
26.09.2020;7.66;1000
27.09.2020;7.66;1001
28.09.2020;7.55;1002
29.09.2020;7.75;1003
30.09.2020;7.81;1004
1.10.2020;7.75;1005
2.10.2020;7.69;1006
3.10.2020;7.69;1007
4.10.2020;7.69;1008
5.10.2020;7.73;1009
6.10.2020;7.73;1010
7.10.2020;7.75;1011
8.10.2020;7.83;1012
9.10.2020;7.89;1013
10.10.2020;7.89;1014
11.10.2020;7.89;1015
12.10.2020;7.91;1016
13.10.2020;7.87;1017
14.10.2020;7.88;1018
15.10.2020;7.92;1019
16.10.2020;7.91;1020
17.10.2020;7.91;1021
18.10.2020;7.91;1022
19.10.2020;7.91;1023
20.10.2020;7.88;1024
21.10.2020;7.88;1025
22.10.2020;7.82;1026
23.10.2020;7.8;1027
24.10.2020;7.8;1028
25.10.2020;7.8;1029
26.10.2020;7.94;1030
27.10.2020;8.03;1031
28.10.2020;8.12;1032
29.10.2020;8.12;1033
30.10.2020;8.12;1034
31.10.2020;8.12;1035
1.11.2020;8.12;1036
2.11.2020;8.31;1037
3.11.2020;8.38;1038
4.11.2020;8.45;1039
5.11.2020;8.46;1040
6.11.2020;8.44;1041
7.11.2020;8.44;1042
8.11.2020;8.44;1043
9.11.2020;8.46;1044
10.11.2020;8.18;1045
11.11.2020;8.24;1046
12.11.2020;8.05;1047
13.11.2020;7.79;1048
14.11.2020;7.79;1049
15.11.2020;7.79;1050
16.11.2020;7.63;1051
17.11.2020;7.68;1052
18.11.2020;7.74;1053
19.11.2020;7.72;1054
20.11.2020;7.67;1055
21.11.2020;7.67;1056
22.11.2020;7.67;1057
23.11.2020;7.58;1058
24.11.2020;7.76;1059
25.11.2020;7.92;1060
26.11.2020;7.94;1061
27.11.2020;7.89;1062
28.11.2020;7.89;1063
29.11.2020;7.89;1064
30.11.2020;7.8;1065
1.12.2020;7.79;1066
2.12.2020;7.84;1067
3.12.2020;7.81;1068
4.12.2020;7.85;1069
5.12.2020;7.85;1070
6.12.2020;7.85;1071
7.12.2020;7.78;1072
8.12.2020;7.84;1073
9.12.2020;7.81;1074
10.12.2020;7.82;1075
11.12.2020;7.85;1076
12.12.2020;7.85;1077
13.12.2020;7.85;1078
14.12.2020;7.93;1079
15.12.2020;7.87;1080
16.12.2020;7.83;1081
17.12.2020;7.79;1082
18.12.2020;7.75;1083
19.12.2020;7.75;1084
20.12.2020;7.75;1085
21.12.2020;7.69;1086
22.12.2020;7.68;1087
23.12.2020;7.64;1088
24.12.2020;7.63;1089
25.12.2020;7.62;1090
26.12.2020;7.62;1091
27.12.2020;7.62;1092
28.12.2020;7.55;1093
29.12.2020;7.47;1094
30.12.2020;7.41;1095
31.12.2020;7.34;1096
1.01.2021;7.34;1097
2.01.2021;7.34;1098
3.01.2021;7.34;1099
4.01.2021;7.42;1100
5.01.2021;7.36;1101
6.01.2021;7.39;1102
7.01.2021;7.33;1103
8.01.2021;7.27;1104
9.01.2021;7.27;1105
10.01.2021;7.27;1106
11.01.2021;7.35;1107
12.01.2021;7.44;1108
13.01.2021;7.46;1109
14.01.2021;7.43;1110
15.01.2021;7.39;1111
16.01.2021;7.39;1112
17.01.2021;7.39;1113
18.01.2021;7.39;1114
19.01.2021;7.5;1115
20.01.2021;7.45;1116
21.01.2021;7.44;1117
22.01.2021;7.38;1118
23.01.2021;7.38;1119
24.01.2021;7.38;1120
25.01.2021;7.4;1121
26.01.2021;7.38;1122
27.01.2021;7.38;1123
28.01.2021;7.35;1124
29.01.2021;7.37;1125
30.01.2021;7.37;1126
31.01.2021;7.37;1127
1.02.2021;7.32;1128
2.02.2021;7.22;1129
3.02.2021;7.14;1130
4.02.2021;7.15;1131
5.02.2021;7.13;1132
6.02.2021;7.13;1133
7.02.2021;7.13;1134
8.02.2021;7.08;1135
9.02.2021;7.07;1136
10.02.2021;7.08;1137
11.02.2021;7.05;1138
12.02.2021;7.04;1139
13.02.2021;7.04;1140
14.02.2021;7.04;1141
15.02.2021;7.02;1142
16.02.2021;6.97;1143
17.02.2021;6.92;1144
18.02.2021;7;1145
19.02.2021;6.95;1146
20.02.2021;6.95;1147
21.02.2021;6.95;1148
22.02.2021;6.96;1149
23.02.2021;6.99;1150
24.02.2021;7.03;1151
25.02.2021;7.14;1152
26.02.2021;7.19;1153
27.02.2021;7.19;1154
28.02.2021;7.19;1155
1.03.2021;7.37;1156
2.03.2021;7.3;1157
3.03.2021;7.31;1158
4.03.2021;7.34;1159
5.03.2021;7.45;1160
6.03.2021;7.45;1161
7.03.2021;7.45;1162
8.03.2021;7.51;1163
9.03.2021;7.59;1164
10.03.2021;7.64;1165
11.03.2021;7.6;1166
12.03.2021;7.44;1167
13.03.2021;7.44;1168
14.03.2021;7.44;1169
15.03.2021;7.57;1170
16.03.2021;7.54;1171
17.03.2021;7.5;1172
18.03.2021;7.5;1173
19.03.2021;7.46;1174
20.03.2021;7.46;1175
21.03.2021;7.46;1176
22.03.2021;7.27;1177
23.03.2021;7.9;1178
24.03.2021;7.81;1179
25.03.2021;7.97;1180
26.03.2021;7.94;1181
27.03.2021;7.94;1182
28.03.2021;7.94;1183
29.03.2021;7.99;1184
30.03.2021;8.12;1185
31.03.2021;8.33;1186
1.04.2021;8.33;1187
2.04.2021;8.17;1188
3.04.2021;8.17;1189
4.04.2021;8.17;1190
5.04.2021;8.04;1191
6.04.2021;8.14;1192
7.04.2021;8.14;1193
8.04.2021;8.17;1194
9.04.2021;8.15;1195
10.04.2021;8.15;1196
11.04.2021;8.15;1197
12.04.2021;8.14;1198
13.04.2021;8.17;1199
14.04.2021;8.14;1200
15.04.2021;8.07;1201
16.04.2021;8.06;1202
17.04.2021;8.06;1203
18.04.2021;8.06;1204
19.04.2021;8.06;1205
20.04.2021;8.05;1206
21.04.2021;8.1;1207
22.04.2021;8.14;1208
23.04.2021;8.14;1209
24.04.2021;8.14;1210
25.04.2021;8.14;1211
26.04.2021;8.27;1212
27.04.2021;8.33;1213
28.04.2021;8.23;1214
29.04.2021;8.19;1215
30.04.2021;8.18;1216
1.05.2021;8.18;1217
2.05.2021;8.18;1218
3.05.2021;8.23;1219
4.05.2021;8.29;1220
5.05.2021;8.31;1221
6.05.2021;8.34;1222
7.05.2021;8.31;1223
8.05.2021;8.31;1224
9.05.2021;8.31;1225
10.05.2021;8.27;1226
11.05.2021;8.25;1227
12.05.2021;8.29;1228
13.05.2021;8.29;1229
14.05.2021;8.29;1230
15.05.2021;8.29;1231
16.05.2021;8.29;1232
17.05.2021;8.29;1233
18.05.2021;8.35;1234
19.05.2021;8.35;1235
20.05.2021;8.33;1236
21.05.2021;8.37;1237
22.05.2021;8.37;1238
23.05.2021;8.37;1239
24.05.2021;8.36;1240
25.05.2021;8.38;1241
26.05.2021;8.39;1242
27.05.2021;8.43;1243
28.05.2021;8.43;1244
29.05.2021;8.43;1245
30.05.2021;8.43;1246
31.05.2021;8.55;1247
1.06.2021;8.5;1248
2.06.2021;8.5;1249
3.06.2021;8.61;1250
4.06.2021;8.62;1251
5.06.2021;8.62;1252
6.06.2021;8.62;1253
7.06.2021;8.68;1254
8.06.2021;8.62;1255
9.06.2021;8.59;1256
10.06.2021;8.58;1257
11.06.2021;8.53;1258
12.06.2021;8.53;1259
13.06.2021;8.53;1260
14.06.2021;8.35;1261
15.06.2021;8.34;1262
16.06.2021;8.55;1263
17.06.2021;8.52;1264
18.06.2021;8.62;1265
19.06.2021;8.62;1266
20.06.2021;8.62;1267
21.06.2021;8.66;1268
22.06.2021;8.75;1269
23.06.2021;8.72;1270
24.06.2021;8.61;1271
25.06.2021;8.66;1272
26.06.2021;8.66;1273
27.06.2021;8.66;1274
28.06.2021;8.68;1275
29.06.2021;8.72;1276
30.06.2021;8.71;1277
1.07.2021;8.68;1278
2.07.2021;8.68;1279
3.07.2021;8.68;1280
4.07.2021;8.68;1281
5.07.2021;8.68;1282
6.07.2021;8.67;1283
7.07.2021;8.65;1284
8.07.2021;8.67;1285
9.07.2021;8.69;1286
10.07.2021;8.69;1287
11.07.2021;8.69;1288
12.07.2021;8.67;1289
13.07.2021;8.63;1290
14.07.2021;8.6;1291
15.07.2021;8.6;1292
16.07.2021;8.61;1293
17.07.2021;8.61;1294
18.07.2021;8.61;1295
19.07.2021;8.51;1296
20.07.2021;8.51;1297
21.07.2021;8.51;1298
22.07.2021;8.51;1299
23.07.2021;8.51;1300
24.07.2021;8.51;1301
25.07.2021;8.51;1302
26.07.2021;8.51;1303
27.07.2021;8.57;1304
28.07.2021;8.56;1305
29.07.2021;8.54;1306
30.07.2021;8.5;1307
31.07.2021;8.5;1308
1.08.2021;8.5;1309
2.08.2021;8.41;1310
3.08.2021;8.39;1311
4.08.2021;8.32;1312
5.08.2021;8.42;1313
6.08.2021;8.53;1314
7.08.2021;8.53;1315
8.08.2021;8.53;1316
9.08.2021;8.56;1317
10.08.2021;8.64;1318
11.08.2021;8.62;1319
12.08.2021;8.62;1320
13.08.2021;8.57;1321
14.08.2021;8.57;1322
15.08.2021;8.57;1323
16.08.2021;8.54;1324
17.08.2021;8.47;1325
18.08.2021;8.41;1326
19.08.2021;8.46;1327
20.08.2021;8.51;1328
21.08.2021;8.51;1329
22.08.2021;8.51;1330
23.08.2021;8.53;1331
24.08.2021;8.46;1332
25.08.2021;8.41;1333
26.08.2021;8.38;1334
27.08.2021;8.36;1335
28.08.2021;8.36;1336
29.08.2021;8.36;1337
30.08.2021;8.36;1338
31.08.2021;8.38;1339
1.09.2021;8.3;1340
2.09.2021;8.29;1341
3.09.2021;8.26;1342
4.09.2021;8.26;1343
5.09.2021;8.26;1344
6.09.2021;8.3;1345
7.09.2021;8.28;1346
8.09.2021;8.3;1347
9.09.2021;8.41;1348
10.09.2021;8.47;1349
11.09.2021;8.47;1350
12.09.2021;8.47;1351
13.09.2021;8.4;1352
14.09.2021;8.44;1353
15.09.2021;8.43;1354
16.09.2021;8.43;1355
17.09.2021;8.44;1356
18.09.2021;8.44;1357
19.09.2021;8.44;1358
20.09.2021;8.57;1359
21.09.2021;8.66;1360
22.09.2021;8.63;1361
23.09.2021;8.63;1362
24.09.2021;8.66;1363
25.09.2021;8.66;1364
26.09.2021;8.66;1365
27.09.2021;8.82;1366
28.09.2021;8.84;1367
29.09.2021;8.86;1368
30.09.2021;8.84;1369
1.10.2021;8.88;1370
2.10.2021;8.88;1371
3.10.2021;8.88;1372
4.10.2021;8.85;1373
5.10.2021;8.85;1374
6.10.2021;8.84;1375
7.10.2021;8.91;1376
8.10.2021;8.86;1377
9.10.2021;8.86;1378
10.10.2021;8.86;1379
11.10.2021;8.9;1380
12.10.2021;8.94;1381
13.10.2021;9;1382
14.10.2021;9.02;1383
15.10.2021;9.14;1384
16.10.2021;9.14;1385
17.10.2021;9.14;1386
18.10.2021;9.2;1387
19.10.2021;9.27;1388
20.10.2021;9.28;1389
21.10.2021;9.31;1390
22.10.2021;9.29;1391
23.10.2021;9.29;1392
24.10.2021;9.29;1393
25.10.2021;9.59;1394
26.10.2021;9.74;1395
27.10.2021;9.46;1396
28.10.2021;9.48;1397
29.10.2021;9.48;1398
30.10.2021;9.48;1399
31.10.2021;9.48;1400
1.11.2021;9.48;1401
2.11.2021;9.53;1402
3.11.2021;9.52;1403
4.11.2021;9.66;1404
5.11.2021;9.69;1405
6.11.2021;9.69;1406
7.11.2021;9.69;1407
8.11.2021;9.7;1408
9.11.2021;9.68;1409
10.11.2021;9.7;1410
11.11.2021;9.78;1411
12.11.2021;9.92;1412
13.11.2021;9.92;1413
14.11.2021;9.92;1414
15.11.2021;9.91;1415
16.11.2021;9.98;1416
17.11.2021;10.17;1417
18.11.2021;10.4;1418
19.11.2021;10.7;1419
20.11.2021;10.7;1420
21.11.2021;10.7;1421
22.11.2021;11.03;1422
23.11.2021;11.17;1423
24.11.2021;12.16;1424
25.11.2021;12.61;1425
26.11.2021;12;1426
27.11.2021;12;1427
28.11.2021;12;1428
29.11.2021;12.08;1429
30.11.2021;12.66;1430
1.12.2021;12.94;1431
2.12.2021;13.34;1432
3.12.2021;13.41;1433
4.12.2021;13.41;1434
5.12.2021;13.41;1435
6.12.2021;13.68;1436
7.12.2021;13.77;1437
8.12.2021;13.67;1438
9.12.2021;13.62;1439
10.12.2021;13.74;1440
11.12.2021;13.74;1441
12.12.2021;13.74;1442
13.12.2021;13.83;1443
14.12.2021;14.25;1444
15.12.2021;14.17;1445
16.12.2021;14.64;1446
17.12.2021;15.21;1447
18.12.2021;15.21;1448
19.12.2021;15.21;1449
20.12.2021;16.34;1450
21.12.2021;17.47;1451
22.12.2021;13.02;1452
23.12.2021;12.45;1453
24.12.2021;11.45;1454
25.12.2021;11.45;1455
26.12.2021;11.45;1456
27.12.2021;11.73;1457
28.12.2021;11.39;1458
29.12.2021;11.83;1459
30.12.2021;12.22;1460
31.12.2021;12.98;1461
1.01.2022;12.98;1462
2.01.2022;12.98;1463
3.01.2022;13.33;1464
4.01.2022;13.42;1465
5.01.2022;13.19;1466
6.01.2022;13.37;1467
7.01.2022;13.64;1468
8.01.2022;13.64;1469
9.01.2022;13.64;1470
10.01.2022;13.75;1471
11.01.2022;13.72;1472
12.01.2022;13.73;1473
13.01.2022;13.72;1474
14.01.2022;13.54;1475
15.01.2022;13.54;1476
16.01.2022;13.54;1477
17.01.2022;13.51;1478
18.01.2022;13.48;1479
19.01.2022;13.51;1480
20.01.2022;13.57;1481
21.01.2022;13.44;1482
22.01.2022;13.44;1483
23.01.2022;13.44;1484
24.01.2022;13.4;1485
25.01.2022;13.38;1486
26.01.2022;13.5;1487
27.01.2022;13.5;1488
28.01.2022;13.59;1489
29.01.2022;13.59;1490
30.01.2022;13.59;1491
31.01.2022;13.61;1492
1.02.2022;13.4;1493
2.02.2022;13.37;1494
3.02.2022;13.43;1495
4.02.2022;13.55;1496
5.02.2022;13.55;1497
6.02.2022;13.55;1498
7.02.2022;13.53;1499
8.02.2022;13.54;1500
9.02.2022;13.62;1501
10.02.2022;13.57;1502
11.02.2022;13.53;1503
12.02.2022;13.53;1504
13.02.2022;13.53;1505
14.02.2022;13.49;1506
15.02.2022;13.54;1507
16.02.2022;13.6;1508
17.02.2022;13.62;1509
18.02.2022;13.6;1510
19.02.2022;13.6;1511
20.02.2022;13.6;1512
21.02.2022;13.61;1513
22.02.2022;13.61;1514
23.02.2022;13.74;1515
24.02.2022;13.78;1516
25.02.2022;14.23;1517
26.02.2022;14.23;1518
27.02.2022;14.23;1519
28.02.2022;14.04;1520
1.03.2022;13.83;1521
2.03.2022;13.89;1522
3.03.2022;14.04;1523
4.03.2022;14.11;1524
5.03.2022;14.11;1525
6.03.2022;14.11;1526
7.03.2022;14.18;1527
8.03.2022;14.3;1528
9.03.2022;14.47;1529
10.03.2022;14.61;1530
11.03.2022;14.74;1531
12.03.2022;14.74;1532
13.03.2022;14.74;1533
14.03.2022;14.9;1534
15.03.2022;14.76;1535
16.03.2022;14.75;1536
17.03.2022;14.68;1537
18.03.2022;14.67;1538
19.03.2022;14.67;1539
20.03.2022;14.67;1540
21.03.2022;14.76;1541
22.03.2022;14.82;1542
23.03.2022;14.8;1543
24.03.2022;14.81;1544
25.03.2022;14.82;1545
26.03.2022;14.82;1546
27.03.2022;14.82;1547
28.03.2022;14.81;1548
29.03.2022;14.82;1549
30.03.2022;14.79;1550
31.03.2022;14.65;1551
1.04.2022;14.64;1552
2.04.2022;14.64;1553
3.04.2022;14.64;1554
4.04.2022;14.66;1555
5.04.2022;14.69;1556
6.04.2022;14.7;1557
7.04.2022;14.72;1558
8.04.2022;14.73;1559
9.04.2022;14.73;1560
10.04.2022;14.73;1561
11.04.2022;14.72;1562
12.04.2022;14.72;1563
13.04.2022;14.66;1564
14.04.2022;14.56;1565
15.04.2022;14.59;1566
16.04.2022;14.59;1567
17.04.2022;14.59;1568
18.04.2022;14.62;1569
19.04.2022;14.63;1570
20.04.2022;14.63;1571
21.04.2022;14.64;1572
22.04.2022;14.66;1573
23.04.2022;14.66;1574
24.04.2022;14.66;1575
25.04.2022;14.71;1576
26.04.2022;14.74;1577
27.04.2022;14.77;1578
28.04.2022;14.8;1579
29.04.2022;14.78;1580
30.04.2022;14.78;1581
1.05.2022;14.78;1582
2.05.2022;14.78;1583
3.05.2022;14.78;1584
4.05.2022;14.78;1585
5.05.2022;14.79;1586
6.05.2022;14.83;1587
7.05.2022;14.83;1588
8.05.2022;14.83;1589
9.05.2022;14.9;1590
10.05.2022;14.97;1591
11.05.2022;15.19;1592
12.05.2022;15.29;1593
13.05.2022;15.35;1594
14.05.2022;15.35;1595
15.05.2022;15.35;1596
16.05.2022;15.44;1597
17.05.2022;15.56;1598
18.05.2022;15.79;1599
19.05.2022;15.79;1600
20.05.2022;15.92;1601
21.05.2022;15.92;1602
22.05.2022;15.92;1603
23.05.2022;15.92;1604
24.05.2022;15.85;1605
25.05.2022;16.08;1606
26.05.2022;16.27;1607
27.05.2022;16.37;1608
28.05.2022;16.37;1609
29.05.2022;16.37;1610
30.05.2022;16.35;1611
31.05.2022;16.36;1612
1.06.2022;16.39;1613
2.06.2022;16.41;1614
3.06.2022;16.44;1615
4.06.2022;16.44;1616
5.06.2022;16.44;1617
6.06.2022;16.48;1618
7.06.2022;16.56;1619
8.06.2022;16.71;1620
9.06.2022;17.09;1621
10.06.2022;17.2;1622
11.06.2022;17.2;1623
12.06.2022;17.2;1624
13.06.2022;17.06;1625
